EVTYPE,NOAA_EVTYPE
?,OTHER
ABNORMAL WARMTH,HEAT
ABNORMALLY DRY,DROUGHT
ABNORMALLY WET,HEAVY RAIN
ACCUMULATED SNOWFALL,HEAVY SNOW
AGRICULTURAL FREEZE,FROST/FREEZE
APACHE COUNTY,THUNDERSTORM WIND
ASTRONOMICAL HIGH TIDE,COSTAL FLOODING
ASTRONOMICAL LOW TIDE,ASTRONOMICAL LOW TIDE
AVALANCE,AVALANCHE
AVALANCHE,AVALANCHE
BEACH EROSIN,COSTAL FLOODING
BEACH EROSION,COSTAL FLOODING
BEACH EROSION/COASTAL FLOOD,COSTAL FLOODING
BEACH FLOOD,COSTAL FLOODING
BELOW NORMAL PRECIPITATION,AVALANCHE
BITTER WIND CHILL,EXTREME COLD/WIND CHILL
BITTER WIND CHILL TEMPERATURES,EXTREME COLD/WIND CHILL
BLACK ICE,ICE STORM
BLIZZARD,BLIZZARD
BLIZZARD AND EXTREME WIND CHIL,BLIZZARD
BLIZZARD AND HEAVY SNOW,BLIZZARD
BLIZZARD SUMMARY,BLIZZARD
BLIZZARD WEATHER,BLIZZARD
BLIZZARD/FREEZING RAIN,BLIZZARD
BLIZZARD/HEAVY SNOW,BLIZZARD
BLIZZARD/HIGH WIND,BLIZZARD
BLIZZARD/WINTER STORM,BLIZZARD
BLOWING DUST,BLIZZARD
BLOWING SNOW,BLIZZARD
BLOWING SNOW & EXTREME WIND CH,BLIZZARD
BLOWING SNOW- EXTREME WIND CHI,BLIZZARD
BLOWING SNOW/EXTREME WIND CHIL,BLIZZARD
BLOW-OUT TIDE,COASTAL FLOOD
BLOW-OUT TIDES,COASTAL FLOOD
BREAKUP FLOODING,COASTAL FLOOD
BRUSH FIRE,WILDFIRE
BRUSH FIRES,WILDFIRE
COASTAL  FLOODING/EROSION,COASTAL FLOOD
COASTAL EROSION,COASTAL FLOOD
COASTAL FLOOD,COASTAL FLOOD
COASTAL FLOODING,COASTAL FLOOD
COASTAL FLOODING/EROSION,COASTAL FLOOD
COASTAL STORM,COASTAL FLOOD
COASTAL SURGE,COASTAL FLOOD
COASTAL/TIDAL FLOOD,COASTAL FLOOD
COASTALFLOOD,COASTAL FLOOD
COASTALSTORM,COASTAL FLOOD
COLD,COASTAL FLOOD
COLD AIR FUNNEL,FUNNEL CLOUD
COLD AIR FUNNELS,FUNNEL CLOUD
COLD AIR TORNADO,TORNADO
COLD AND FROST,WINTER WEATHER
COLD AND SNOW,WINTER WEATHER
COLD AND WET CONDITIONS,WINTER WEATHER
COLD TEMPERATURE,COLD/WIND CHILL
COLD TEMPERATURES,COLD/WIND CHILL
COLD WAVE,COLD/WIND CHILL
COLD WEATHER,COLD/WIND CHILL
COLD WIND CHILL TEMPERATURES,COLD/WIND CHILL
COLD/WIND CHILL,COLD/WIND CHILL
COLD/WINDS,COLD/WIND CHILL
COOL AND WET,COLD/WIND CHILL
COOL SPELL,COLD/WIND CHILL
CSTL FLOODING/EROSION,COASTAL FLOOD
DAM BREAK,SEICHE
DAM FAILURE,SEICHE
DAMAGING FREEZE,COLD/WIND CHILL
DEEP HAIL,HAIL
DENSE FOG,DENSE FOG
DENSE SMOKE,DENSE SMOKE
DOWNBURST,STRONG WIND
DOWNBURST WINDS,STRONG WIND
DRIEST MONTH,DENSE SMOKE
DRIFTING SNOW,DENSE SMOKE
DROUGHT,DROUGHT
DROUGHT/EXCESSIVE HEAT,DROUGHT
DROWNING,THUNDERSTORM WIND
DRY,DROUGHT
DRY CONDITIONS,DROUGHT
DRY HOT WEATHER,DROUGHT
DRY MICROBURST,STRONG WIND
DRY MICROBURST 50,STRONG WIND
DRY MICROBURST 53,STRONG WIND
DRY MICROBURST 58,STRONG WIND
DRY MICROBURST 61,STRONG WIND
DRY MICROBURST 84,STRONG WIND
DRY MICROBURST WINDS,STRONG WIND
DRY MIRCOBURST WINDS,STRONG WIND
DRY PATTERN,DROUGHT
DRY SPELL,DROUGHT
DRY WEATHER,DROUGHT
DRYNESS,DROUGHT
DUST DEVEL,DUST DEVIL
DUST DEVIL,DUST DEVIL
DUST DEVIL WATERSPOUT,DUST DEVIL
DUST STORM,DUST STORM
DUST STORM/HIGH WINDS,DUST STORM
DUSTSTORM,DUST STORM
EARLY FREEZE,FROST/FREEZE
EARLY FROST,FROST/FREEZE
EARLY RAIN,DUST STORM
EARLY SNOW,DUST STORM
EARLY SNOWFALL,DUST STORM
EROSION/CSTL FLOOD,DUST STORM
EXCESSIVE,OTHER
EXCESSIVE COLD,COLD/WIND CHILL
EXCESSIVE HEAT,EXCESSIVE HEAT
EXCESSIVE HEAT/DROUGHT,DROUGHT
EXCESSIVE PRECIPITATION,HEAVY RAIN
EXCESSIVE RAIN,HEAVY RAIN
EXCESSIVE RAINFALL,HEAVY RAIN
EXCESSIVE SNOW,HEAVY SNOW
EXCESSIVE WETNESS,HEAVY RAIN
EXCESSIVELY DRY,DROUGHT
EXTENDED COLD,COLD/WIND CHILL
EXTREME COLD,EXTREME COLD/WIND CHILL
EXTREME COLD/WIND CHILL,EXTREME COLD/WIND CHILL
EXTREME HEAT,EXTREME COLD/WIND CHILL
EXTREME WIND CHILL,EXTREME COLD/WIND CHILL
EXTREME WIND CHILL/BLOWING SNO,EXTREME COLD/WIND CHILL
EXTREME WIND CHILLS,EXTREME COLD/WIND CHILL
EXTREME WINDCHILL,EXTREME COLD/WIND CHILL
EXTREME WINDCHILL TEMPERATURES,EXTREME COLD/WIND CHILL
EXTREME/RECORD COLD,EXTREME COLD/WIND CHILL
EXTREMELY WET,EXTREME COLD/WIND CHILL
FALLING SNOW/ICE,EXTREME COLD/WIND CHILL
FIRST FROST,EXTREME COLD/WIND CHILL
FIRST SNOW,EXTREME COLD/WIND CHILL
FLASH FLOOD,FLASH FLOOD
FLASH FLOOD - HEAVY RAIN,FLASH FLOOD
FLASH FLOOD FROM ICE JAMS,FLASH FLOOD
FLASH FLOOD LANDSLIDES,FLASH FLOOD
FLASH FLOOD WINDS,FLASH FLOOD
FLASH FLOOD/,FLASH FLOOD
FLASH FLOOD/ FLOOD,FLASH FLOOD
FLASH FLOOD/ STREET,FLASH FLOOD
FLASH FLOOD/FLOOD,FLASH FLOOD
FLASH FLOOD/HEAVY RAIN,FLASH FLOOD
FLASH FLOOD/LANDSLIDE,FLASH FLOOD
FLASH FLOODING,FLASH FLOOD
FLASH FLOODING/FLOOD,FLASH FLOOD
FLASH FLOODING/THUNDERSTORM WI,FLASH FLOOD
FLASH FLOODS,FLASH FLOOD
FLASH FLOOODING,FLASH FLOOD
FLOOD,FLOOD
FLOOD & HEAVY RAIN,FLOOD
FLOOD FLASH,FLOOD
FLOOD FLOOD/FLASH,FLASH FLOOD
FLOOD WATCH/,FLOOD
FLOOD/FLASH,FLASH FLOOD
FLOOD/FLASH FLOOD,FLASH FLOOD
FLOOD/FLASH FLOODING,FLASH FLOOD
FLOOD/FLASH/FLOOD,FLASH FLOOD
FLOOD/FLASHFLOOD,FLASH FLOOD
FLOOD/RAIN/WIND,FLOOD
FLOOD/RAIN/WINDS,FLOOD
FLOOD/RIVER FLOOD,FLOOD
FLOOD/STRONG WIND,FLOOD
FLOODING,FLOOD
FLOODING/HEAVY RAIN,FLOOD
FLOODS,FLOOD
FOG,FLOOD
FOG AND COLD TEMPERATURES,FREEZING FOG
FOREST FIRES,FLOOD
FREEZE,FLOOD
FREEZING DRIZZLE,SLEET
FREEZING DRIZZLE AND FREEZING,SLEET
FREEZING FOG,FREEZING FOG
FREEZING RAIN,WINTER WEATHER
FREEZING RAIN AND SLEET,WINTER WEATHER
FREEZING RAIN AND SNOW,WINTER WEATHER
FREEZING RAIN SLEET AND,WINTER WEATHER
FREEZING RAIN SLEET AND LIGHT,WINTER WEATHER
FREEZING RAIN/SLEET,WINTER WEATHER
FREEZING RAIN/SNOW,WINTER WEATHER
FREEZING SPRAY,WINTER WEATHER
FROST,FROST/FREEZE
FROST/FREEZE,FROST/FREEZE
FROST\FREEZE,FROST/FREEZE
FUNNEL,FUNNEL CLOUD
FUNNEL CLOUD,FUNNEL CLOUD
FUNNEL CLOUD.,FUNNEL CLOUD
FUNNEL CLOUD/HAIL,FUNNEL CLOUD
FUNNEL CLOUDS,FUNNEL CLOUD
FUNNELS,FUNNEL CLOUD
GLAZE,ICE STORM
GLAZE ICE,ICE STORM
GLAZE/ICE STORM,ICE STORM
GRADIENT WIND,FUNNEL CLOUD
GRADIENT WINDS,FUNNEL CLOUD
GRASS FIRES,FUNNEL CLOUD
GROUND BLIZZARD,BLIZZARD
GUSTNADO,HIGH WIND
GUSTNADO AND,HIGH WIND
GUSTY LAKE WIND,HIGH WIND
GUSTY THUNDERSTORM WIND,THUNDERSTORM WIND
GUSTY THUNDERSTORM WINDS,THUNDERSTORM WIND
GUSTY WIND,HIGH WIND
GUSTY WIND/HAIL,HAIL
GUSTY WIND/HVY RAIN,THUNDERSTORM WIND
GUSTY WIND/RAIN,THUNDERSTORM WIND
GUSTY WINDS,HIGH WIND
HAIL,HAIL
HAIL 0.75,HAIL
HAIL 0.88,HAIL
HAIL 075,HAIL
HAIL 088,HAIL
HAIL 1.00,HAIL
HAIL 1.75,HAIL
HAIL 1.75),HAIL
HAIL 100,HAIL
HAIL 125,HAIL
HAIL 150,HAIL
HAIL 175,HAIL
HAIL 200,HAIL
HAIL 225,HAIL
HAIL 275,HAIL
HAIL 450,HAIL
HAIL 75,HAIL
HAIL 80,HAIL
HAIL 88,HAIL
HAIL ALOFT,HAIL
HAIL DAMAGE,HAIL
HAIL FLOODING,HAIL
HAIL STORM,HAIL
HAIL(0.75),HAIL
HAIL/ICY ROADS,HAIL
HAIL/WIND,HAIL
HAIL/WINDS,HAIL
HAILSTORM,HAIL
HAILSTORMS,HAIL
HARD FREEZE,FROST/FREEZE
HAZARDOUS SURF,STORM SURGE/TIDE
HEAT,HEAT
HEAT DROUGHT,DROUGHT
HEAT WAVE,HEAT
HEAT WAVE DROUGHT,DROUGHT
HEAT WAVES,HEAT
HEAT/DROUGHT,DROUGHT
HEATBURST,HEAT
HEAVY LAKE SNOW,LAKE-EFFECT SNOW
HEAVY MIX,WINTER WEATHER
HEAVY PRECIPATATION,HEAVY RAIN
HEAVY PRECIPITATION,HEAVY RAIN
HEAVY RAIN,HEAVY RAIN
HEAVY RAIN AND FLOOD,HEAVY RAIN
HEAVY RAIN AND WIND,HEAVY RAIN
HEAVY RAIN EFFECTS,HEAVY RAIN
HEAVY RAIN/FLOODING,FLOOD
HEAVY RAIN/HIGH SURF,HIGH SURF
HEAVY RAIN/LIGHTNING,LIGHTNING
HEAVY RAIN/MUDSLIDES/FLOOD,HEAVY RAIN
HEAVY RAIN/SEVERE WEATHER,HEAVY RAIN
HEAVY RAIN/SMALL STREAM URBAN,FLASH FLOOD
HEAVY RAIN/SNOW,WINTER WEATHER
HEAVY RAIN/URBAN FLOOD,FLASH FLOOD
HEAVY RAIN/WIND,HEAVY RAIN
HEAVY RAIN; URBAN FLOOD WINDS;,FLASH FLOOD
HEAVY RAINFALL,HEAVY RAIN
HEAVY RAINS,HEAVY RAIN
HEAVY RAINS/FLOODING,FLOOD
HEAVY SEAS,MARINE THUNDERSTORM WIND
HEAVY SHOWER,HEAVY RAIN
HEAVY SHOWERS,HEAVY RAIN
HEAVY SNOW,HEAVY SNOW
HEAVY SNOW   FREEZING RAIN,HEAVY SNOW
HEAVY SNOW & ICE,HEAVY SNOW
HEAVY SNOW AND,HEAVY SNOW
HEAVY SNOW AND HIGH WINDS,HEAVY SNOW
HEAVY SNOW AND ICE,HEAVY SNOW
HEAVY SNOW AND ICE STORM,HEAVY SNOW
HEAVY SNOW AND STRONG WINDS,HEAVY SNOW
HEAVY SNOW ANDBLOWING SNOW,HEAVY SNOW
HEAVY SNOW SHOWER,HEAVY SNOW
HEAVY SNOW SQUALLS,HEAVY SNOW
HEAVY SNOW/BLIZZARD,BLIZZARD
HEAVY SNOW/BLIZZARD/AVALANCHE,AVALANCHE
HEAVY SNOW/BLOWING SNOW,HEAVY SNOW
HEAVY SNOW/FREEZING RAIN,HEAVY SNOW
HEAVY SNOW/HIGH,HEAVY SNOW
HEAVY SNOW/HIGH WIND,HEAVY SNOW
HEAVY SNOW/HIGH WINDS,HEAVY SNOW
HEAVY SNOW/HIGH WINDS & FLOOD,HEAVY SNOW
HEAVY SNOW/HIGH WINDS/FREEZING,HEAVY SNOW
HEAVY SNOW/ICE,HEAVY SNOW
HEAVY SNOW/ICE STORM,HEAVY SNOW
HEAVY SNOW/SLEET,HEAVY SNOW
HEAVY SNOW/SQUALLS,HEAVY SNOW
HEAVY SNOW/WIND,HEAVY SNOW
HEAVY SNOW/WINTER STORM,HEAVY SNOW
HEAVY SNOWPACK,HEAVY SNOW
HEAVY SNOW-SQUALLS,HEAVY SNOW
HEAVY SURF,HIGH SURF
HEAVY SURF AND WIND,HIGH SURF
HEAVY SURF COASTAL FLOODING,HIGH SURF
HEAVY SURF/HIGH SURF,HIGH SURF
HEAVY SWELLS,HIGH SURF
HEAVY WET SNOW,HEAVY SNOW
HIGH,HIGH WIND
HIGH  SWELLS,HIGH SURF
HIGH  WINDS,HIGH WIND
HIGH SEAS,HIGH SURF
HIGH SURF,HIGH SURF
HIGH SURF ADVISORIES,HIGH SURF
HIGH SURF ADVISORY,HIGH SURF
HIGH SWELLS,HIGH SURF
HIGH TEMPERATURE RECORD,HIGH SURF
HIGH TIDES,HIGH SURF
HIGH WATER,HIGH SURF
HIGH WAVES,HIGH SURF
HIGH WIND,HIGH WIND
HIGH WIND (G40),HIGH WIND
HIGH WIND 48,HIGH WIND
HIGH WIND 63,HIGH WIND
HIGH WIND 70,HIGH WIND
HIGH WIND AND HEAVY SNOW,HIGH WIND
HIGH WIND AND HIGH TIDES,HIGH WIND
HIGH WIND AND SEAS,HIGH WIND
HIGH WIND DAMAGE,HIGH WIND
HIGH WIND/ BLIZZARD,HIGH WIND
HIGH WIND/BLIZZARD,HIGH WIND
HIGH WIND/BLIZZARD/FREEZING RA,HIGH WIND
HIGH WIND/HEAVY SNOW,HIGH WIND
HIGH WIND/LOW WIND CHILL,HIGH WIND
HIGH WIND/SEAS,HIGH WIND
HIGH WIND/WIND CHILL,HIGH WIND
HIGH WIND/WIND CHILL/BLIZZARD,HIGH WIND
HIGH WINDS,HIGH WIND
HIGH WINDS 55,HIGH WIND
HIGH WINDS 57,HIGH WIND
HIGH WINDS 58,HIGH WIND
HIGH WINDS 63,HIGH WIND
HIGH WINDS 66,HIGH WIND
HIGH WINDS 67,HIGH WIND
HIGH WINDS 73,HIGH WIND
HIGH WINDS 76,HIGH WIND
HIGH WINDS 80,HIGH WIND
HIGH WINDS 82,HIGH WIND
HIGH WINDS AND WIND CHILL,HIGH WIND
HIGH WINDS DUST STORM,HIGH WIND
HIGH WINDS HEAVY RAINS,HIGH WIND
HIGH WINDS/,HIGH WIND
HIGH WINDS/COASTAL FLOOD,HIGH WIND
HIGH WINDS/COLD,HIGH WIND
HIGH WINDS/FLOODING,HIGH WIND
HIGH WINDS/HEAVY RAIN,HIGH WIND
HIGH WINDS/SNOW,HIGH WIND
HIGHWAY FLOODING,FLOOD
HOT AND DRY,DROUGHT
HOT PATTERN,HEAT
HOT SPELL,HEAT
HOT WEATHER,HEAT
HOT/DRY PATTERN,HEAT
HURRICANE,HURRICANE (TYPHOON)
HURRICANE EDOUARD,HURRICANE (TYPHOON)
HURRICANE EMILY,HURRICANE (TYPHOON)
HURRICANE ERIN,HURRICANE (TYPHOON)
HURRICANE FELIX,HURRICANE (TYPHOON)
HURRICANE GORDON,HURRICANE (TYPHOON)
HURRICANE OPAL,HURRICANE (TYPHOON)
HURRICANE OPAL/HIGH WINDS,HURRICANE (TYPHOON)
HURRICANE/TYPHOON,HURRICANE (TYPHOON)
HURRICANE-GENERATED SWELLS,HURRICANE (TYPHOON)
HVY RAIN,HEAVY RAIN
HYPERTHERMIA/EXPOSURE,EXTREME COLD/WIND CHILL
HYPOTHERMIA,EXTREME COLD/WIND CHILL
HYPOTHERMIA/EXPOSURE,EXTREME COLD/WIND CHILL
ICE,ICE STORM
ICE AND SNOW,ICE STORM
ICE FLOES,FLOOD
ICE FOG,FREEZING FOG
ICE JAM,ICE STORM
ICE JAM FLOOD (MINOR,FLOOD
ICE JAM FLOODING,FLOOD
ICE ON ROAD,ICE STORM
ICE PELLETS,ICE STORM
ICE ROADS,ICE STORM
ICE STORM,ICE STORM
ICE STORM AND SNOW,ICE STORM
ICE STORM/FLASH FLOOD,FLASH FLOOD
ICE/SNOW,ICE STORM
ICE/STRONG WINDS,ICE STORM
ICESTORM/BLIZZARD,ICE STORM
ICY ROADS,ICE STORM
LACK OF SNOW,ICE STORM
LAKE EFFECT SNOW,LAKE-EFFECT SNOW
LAKE FLOOD,LAKESHORE FLOOD
LAKE-EFFECT SNOW,LAKE-EFFECT SNOW
LAKESHORE FLOOD,LAKESHORE FLOOD
LANDSLIDE,HEAVY RAIN
LANDSLIDE/URBAN FLOOD,FLOOD
LANDSLIDES,HEAVY RAIN
LANDSLUMP,HEAVY RAIN
LANDSPOUT,HEAVY RAIN
LARGE WALL CLOUD,HEAVY RAIN
LATE FREEZE,FROST/FREEZE
LATE SEASON HAIL,HAIL
LATE SEASON SNOW,WINTER WEATHER
LATE SEASON SNOWFALL,WINTER WEATHER
LATE SNOW,WINTER WEATHER
LATE-SEASON SNOWFALL,WINTER WEATHER
LIGHT FREEZING RAIN,SLEET
LIGHT SNOW,WINTER WEATHER
LIGHT SNOW AND SLEET,SLEET
LIGHT SNOW/FLURRIES,WINTER WEATHER
LIGHT SNOW/FREEZING PRECIP,SLEET
LIGHT SNOWFALL,WINTER WEATHER
LIGHTING,LIGHTNING
LIGHTNING,LIGHTNING
LIGHTNING  WAUSEON,LIGHTNING
LIGHTNING AND HEAVY RAIN,LIGHTNING
LIGHTNING AND THUNDERSTORM WIN,LIGHTNING
LIGHTNING AND WINDS,LIGHTNING
LIGHTNING DAMAGE,LIGHTNING
LIGHTNING FIRE,LIGHTNING
LIGHTNING INJURY,LIGHTNING
LIGHTNING THUNDERSTORM WINDS,LIGHTNING
LIGHTNING THUNDERSTORM WINDSS,LIGHTNING
LIGHTNING.,LIGHTNING
LIGHTNING/HEAVY RAIN,LIGHTNING
LIGNTNING,LIGHTNING
LOCAL FLASH FLOOD,FLASH FLOOD
LOCAL FLOOD,FLOOD
LOCALLY HEAVY RAIN,HEAVY RAIN
LOW TEMPERATURE,COLD/WIND CHILL
LOW TEMPERATURE RECORD,EXTREME COLD/WIND CHILL
LOW WIND CHILL,COLD/WIND CHILL
MAJOR FLOOD,FLOOD
MARINE ACCIDENT,MARINE HIGH WIND
MARINE HAIL,MARINE HAIL
MARINE HIGH WIND,MARINE HIGH WIND
MARINE MISHAP,MARINE HIGH WIND
MARINE STRONG WIND,MARINE STRONG WIND
MARINE THUNDERSTORM WIND,MARINE THUNDERSTORM WIND
MARINE TSTM WIND,MARINE THUNDERSTORM WIND
"METRO STORM, MAY 26",HAIL
MICROBURST,HIGH WIND
MICROBURST WINDS,HIGH WIND
MILD AND DRY PATTERN,MARINE THUNDERSTORM WIND
MILD PATTERN,MARINE THUNDERSTORM WIND
MILD/DRY PATTERN,MARINE THUNDERSTORM WIND
MINOR FLOOD,FLOOD
MINOR FLOODING,FLOOD
MIXED PRECIP,WINTER WEATHER
MIXED PRECIPITATION,WINTER WEATHER
MODERATE SNOW,WINTER WEATHER
MODERATE SNOWFALL,WINTER WEATHER
MONTHLY PRECIPITATION,OTHER
MONTHLY RAINFALL,OTHER
MONTHLY SNOWFALL,WINTER WEATHER
MONTHLY TEMPERATURE,WINTER WEATHER
MOUNTAIN SNOWS,WINTER WEATHER
MUD SLIDE,HEAVY RAIN
MUD SLIDES,HEAVY RAIN
MUD SLIDES URBAN FLOODING,HEAVY RAIN
MUD/ROCK SLIDE,HEAVY RAIN
MUDSLIDE,HEAVY RAIN
MUDSLIDE/LANDSLIDE,HEAVY RAIN
MUDSLIDES,HEAVY RAIN
NEAR RECORD SNOW,HEAVY SNOW
NO SEVERE WEATHER,OTHER
NON SEVERE HAIL,HAIL
NON TSTM WIND,HIGH WIND
NONE,OTHER
NON-SEVERE WIND DAMAGE,HIGH WIND
NON-TSTM WIND,HIGH WIND
NORMAL PRECIPITATION,MARINE THUNDERSTORM WIND
NORTHERN LIGHTS,OTHER
OTHER,OTHER
PATCHY DENSE FOG,DENSE FOG
PATCHY ICE,ICE STORM
PROLONG COLD,EXTREME COLD/WIND CHILL
PROLONG COLD/SNOW,EXTREME COLD/WIND CHILL
PROLONG WARMTH,HEAT
PROLONGED RAIN,HEAVY RAIN
RAIN,HEAVY RAIN
RAIN (HEAVY),HEAVY RAIN
RAIN AND WIND,THUNDERSTORM WIND
RAIN DAMAGE,HEAVY RAIN
RAIN/SNOW,HEAVY RAIN
RAIN/WIND,THUNDERSTORM WIND
RAINSTORM,HEAVY RAIN
RAPIDLY RISING WATER,FLASH FLOOD
RECORD  COLD,EXTREME COLD/WIND CHILL
RECORD COLD,EXTREME COLD/WIND CHILL
RECORD COLD AND HIGH WIND,EXTREME COLD/WIND CHILL
RECORD COLD/FROST,EXTREME COLD/WIND CHILL
RECORD COOL,EXTREME COLD/WIND CHILL
RECORD DRY MONTH,DROUGHT
RECORD DRYNESS,DROUGHT
RECORD HEAT,HEAT
RECORD HEAT WAVE,HEAT
RECORD HIGH,HEAT
RECORD HIGH TEMPERATURE,HEAT
RECORD HIGH TEMPERATURES,HEAT
RECORD LOW,EXTREME COLD/WIND CHILL
RECORD LOW RAINFALL,DROUGHT
RECORD MAY SNOW,HEAVY SNOW
RECORD PRECIPITATION,HEAVY RAIN
RECORD RAINFALL,HEAVY RAIN
RECORD SNOW,HEAVY SNOW
RECORD SNOW/COLD,HEAVY SNOW
RECORD SNOWFALL,HEAVY SNOW
RECORD TEMPERATURE,HEAT
RECORD TEMPERATURES,HEAT
RECORD WARM,HEAT
RECORD WARM TEMPS.,HEAT
RECORD WARMTH,HEAT
RECORD WINTER SNOW,HEAVY SNOW
RECORD/EXCESSIVE HEAT,HEAT
RECORD/EXCESSIVE RAINFALL,HEAVY RAIN
RED FLAG CRITERIA,OTHER
RED FLAG FIRE WX,OTHER
REMNANTS OF FLOYD,HURRICANE (TYPHOON)
RIP CURRENT,RIP CURRENT
RIP CURRENTS,RIP CURRENT
RIP CURRENTS HEAVY SURF,RIP CURRENT
RIP CURRENTS/HEAVY SURF,RIP CURRENT
RIVER AND STREAM FLOOD,FLOOD
RIVER FLOOD,FLOOD
RIVER FLOODING,FLOOD
ROCK SLIDE,HEAVY RAIN
ROGUE WAVE,TSUNAMI
ROTATING WALL CLOUD,TORNADO
ROUGH SEAS,MARINE STRONG WIND
ROUGH SURF,HIGH SURF
RURAL FLOOD,FLOOD
SAHARAN DUST,DUST STORM
SEASONAL SNOWFALL,WINTER WEATHER
SEICHE,SEICHE
SEVERE COLD,EXTREME COLD/WIND CHILL
SEVERE THUNDERSTORM,THUNDERSTORM WIND
SEVERE THUNDERSTORM WINDS,THUNDERSTORM WIND
SEVERE THUNDERSTORMS,THUNDERSTORM WIND
SEVERE TURBULENCE,HIGH WIND
SLEET,SLEET
SLEET & FREEZING RAIN,SLEET
SLEET STORM,SLEET
SLEET/FREEZING RAIN,SLEET
SLEET/ICE STORM,SLEET
SLEET/RAIN/SNOW,SLEET
SLEET/SNOW,SLEET
SMALL HAIL,HAIL
SMALL STREAM,FLASH FLOOD
SMALL STREAM AND,FLASH FLOOD
SMALL STREAM AND URBAN FLOOD,FLASH FLOOD
SMALL STREAM AND URBAN FLOODIN,FLASH FLOOD
SMALL STREAM FLOOD,FLASH FLOOD
SMALL STREAM FLOODING,FLASH FLOOD
SMALL STREAM URBAN FLOOD,FLASH FLOOD
SMALL STREAM/URBAN FLOOD,FLASH FLOOD
SML STREAM FLD,FLASH FLOOD
SMOKE,OTHER
SNOW,WINTER WEATHER
SNOW ACCUMULATION,HEAVY SNOW
SNOW ADVISORY,WINTER WEATHER
SNOW AND COLD,HEAVY SNOW
SNOW AND HEAVY SNOW,HEAVY SNOW
SNOW AND ICE,WINTER WEATHER
SNOW AND ICE STORM,WINTER WEATHER
SNOW AND SLEET,WINTER WEATHER
SNOW AND WIND,WINTER WEATHER
SNOW DROUGHT,WINTER WEATHER
SNOW FREEZING RAIN,WINTER WEATHER
SNOW- HIGH WIND- WIND CHILL,WINTER WEATHER
SNOW SHOWERS,WINTER WEATHER
SNOW SLEET,WINTER WEATHER
SNOW SQUALL,WINTER WEATHER
SNOW SQUALLS,WINTER WEATHER
SNOW/ BITTER COLD,WINTER WEATHER
SNOW/ ICE,WINTER WEATHER
SNOW/BLOWING SNOW,WINTER WEATHER
SNOW/COLD,WINTER WEATHER
SNOW/FREEZING RAIN,WINTER WEATHER
SNOW/HEAVY SNOW,WINTER WEATHER
SNOW/HIGH WINDS,WINTER WEATHER
SNOW/ICE,WINTER WEATHER
SNOW/ICE STORM,WINTER WEATHER
SNOW/RAIN,WINTER WEATHER
SNOW/RAIN/SLEET,WINTER WEATHER
SNOW/SLEET,WINTER WEATHER
SNOW/SLEET/FREEZING RAIN,WINTER WEATHER
SNOW/SLEET/RAIN,WINTER WEATHER
SNOW\COLD,WINTER WEATHER
SNOWFALL RECORD,HEAVY SNOW
SNOWMELT FLOODING,FLOOD
SNOWSTORM,WINTER WEATHER
SOUTHEAST,OTHER
STORM FORCE WINDS,HIGH WIND
STORM SURGE,STORM SURGE/TIDE
STORM SURGE/TIDE,STORM SURGE/TIDE
STREAM FLOODING,STORM SURGE/TIDE
STREET FLOOD,STORM SURGE/TIDE
STREET FLOODING,STORM SURGE/TIDE
STRONG WIND,STRONG WIND
STRONG WIND GUST,STRONG WIND
STRONG WINDS,STRONG WIND
SUMMARY AUGUST 10,STRONG WIND
SUMMARY AUGUST 11,STRONG WIND
SUMMARY AUGUST 17,STRONG WIND
SUMMARY AUGUST 21,STRONG WIND
SUMMARY AUGUST 2-3,STRONG WIND
SUMMARY AUGUST 28,STRONG WIND
SUMMARY AUGUST 4,STRONG WIND
SUMMARY AUGUST 7,STRONG WIND
SUMMARY AUGUST 9,STRONG WIND
SUMMARY JAN 17,STRONG WIND
SUMMARY JULY 23-24,STRONG WIND
SUMMARY JUNE 18-19,STRONG WIND
SUMMARY JUNE 5-6,STRONG WIND
SUMMARY JUNE 6,STRONG WIND
SUMMARY OF APRIL 12,STRONG WIND
SUMMARY OF APRIL 13,STRONG WIND
SUMMARY OF APRIL 21,STRONG WIND
SUMMARY OF APRIL 27,STRONG WIND
SUMMARY OF APRIL 3RD,STRONG WIND
SUMMARY OF AUGUST 1,STRONG WIND
SUMMARY OF JULY 11,STRONG WIND
SUMMARY OF JULY 2,STRONG WIND
SUMMARY OF JULY 22,STRONG WIND
SUMMARY OF JULY 26,STRONG WIND
SUMMARY OF JULY 29,STRONG WIND
SUMMARY OF JULY 3,STRONG WIND
SUMMARY OF JUNE 10,STRONG WIND
SUMMARY OF JUNE 11,STRONG WIND
SUMMARY OF JUNE 12,STRONG WIND
SUMMARY OF JUNE 13,STRONG WIND
SUMMARY OF JUNE 15,STRONG WIND
SUMMARY OF JUNE 16,STRONG WIND
SUMMARY OF JUNE 18,STRONG WIND
SUMMARY OF JUNE 23,STRONG WIND
SUMMARY OF JUNE 24,STRONG WIND
SUMMARY OF JUNE 3,STRONG WIND
SUMMARY OF JUNE 30,STRONG WIND
SUMMARY OF JUNE 4,STRONG WIND
SUMMARY OF JUNE 6,STRONG WIND
SUMMARY OF MARCH 14,STRONG WIND
SUMMARY OF MARCH 23,STRONG WIND
SUMMARY OF MARCH 24,STRONG WIND
SUMMARY OF MARCH 24-25,STRONG WIND
SUMMARY OF MARCH 27,STRONG WIND
SUMMARY OF MARCH 29,STRONG WIND
SUMMARY OF MAY 10,STRONG WIND
SUMMARY OF MAY 13,STRONG WIND
SUMMARY OF MAY 14,STRONG WIND
SUMMARY OF MAY 22,STRONG WIND
SUMMARY OF MAY 22 AM,STRONG WIND
SUMMARY OF MAY 22 PM,STRONG WIND
SUMMARY OF MAY 26 AM,STRONG WIND
SUMMARY OF MAY 26 PM,STRONG WIND
SUMMARY OF MAY 31 AM,STRONG WIND
SUMMARY OF MAY 31 PM,STRONG WIND
SUMMARY OF MAY 9-10,STRONG WIND
SUMMARY SEPT. 25-26,STRONG WIND
SUMMARY SEPTEMBER 20,STRONG WIND
SUMMARY SEPTEMBER 23,STRONG WIND
SUMMARY SEPTEMBER 3,STRONG WIND
SUMMARY SEPTEMBER 4,STRONG WIND
SUMMARY: NOV. 16,STRONG WIND
SUMMARY: NOV. 6-7,STRONG WIND
SUMMARY: OCT. 20-21,STRONG WIND
SUMMARY: OCTOBER 31,STRONG WIND
SUMMARY: SEPT. 18,STRONG WIND
TEMPERATURE RECORD,OTHER
THUDERSTORM WINDS,THUNDERSTORM WIND
THUNDEERSTORM WINDS,THUNDERSTORM WIND
THUNDERESTORM WINDS,THUNDERSTORM WIND
THUNDERSNOW,THUNDERSTORM WIND
THUNDERSNOW SHOWER,THUNDERSTORM WIND
THUNDERSTORM,THUNDERSTORM WIND
THUNDERSTORM  WINDS,THUNDERSTORM WIND
THUNDERSTORM DAMAGE,THUNDERSTORM WIND
THUNDERSTORM DAMAGE TO,THUNDERSTORM WIND
THUNDERSTORM HAIL,THUNDERSTORM WIND
THUNDERSTORM W INDS,THUNDERSTORM WIND
THUNDERSTORM WIND,THUNDERSTORM WIND
THUNDERSTORM WIND (G40),THUNDERSTORM WIND
THUNDERSTORM WIND 50,THUNDERSTORM WIND
THUNDERSTORM WIND 52,THUNDERSTORM WIND
THUNDERSTORM WIND 56,THUNDERSTORM WIND
THUNDERSTORM WIND 59,THUNDERSTORM WIND
THUNDERSTORM WIND 59 MPH,THUNDERSTORM WIND
THUNDERSTORM WIND 59 MPH.,THUNDERSTORM WIND
THUNDERSTORM WIND 60 MPH,THUNDERSTORM WIND
THUNDERSTORM WIND 65 MPH,THUNDERSTORM WIND
THUNDERSTORM WIND 65MPH,THUNDERSTORM WIND
THUNDERSTORM WIND 69,THUNDERSTORM WIND
THUNDERSTORM WIND 98 MPH,THUNDERSTORM WIND
THUNDERSTORM WIND G50,THUNDERSTORM WIND
THUNDERSTORM WIND G51,THUNDERSTORM WIND
THUNDERSTORM WIND G52,THUNDERSTORM WIND
THUNDERSTORM WIND G55,THUNDERSTORM WIND
THUNDERSTORM WIND G60,THUNDERSTORM WIND
THUNDERSTORM WIND G61,THUNDERSTORM WIND
THUNDERSTORM WIND TREES,THUNDERSTORM WIND
THUNDERSTORM WIND.,THUNDERSTORM WIND
THUNDERSTORM WIND/ TREE,THUNDERSTORM WIND
THUNDERSTORM WIND/ TREES,THUNDERSTORM WIND
THUNDERSTORM WIND/AWNING,THUNDERSTORM WIND
THUNDERSTORM WIND/HAIL,THUNDERSTORM WIND
THUNDERSTORM WIND/LIGHTNING,THUNDERSTORM WIND
THUNDERSTORM WINDS,THUNDERSTORM WIND
THUNDERSTORM WINDS      LE CEN,THUNDERSTORM WIND
THUNDERSTORM WINDS 13,THUNDERSTORM WIND
THUNDERSTORM WINDS 2,THUNDERSTORM WIND
THUNDERSTORM WINDS 50,THUNDERSTORM WIND
THUNDERSTORM WINDS 52,THUNDERSTORM WIND
THUNDERSTORM WINDS 53,THUNDERSTORM WIND
THUNDERSTORM WINDS 60,THUNDERSTORM WIND
THUNDERSTORM WINDS 61,THUNDERSTORM WIND
THUNDERSTORM WINDS 62,THUNDERSTORM WIND
THUNDERSTORM WINDS 63 MPH,THUNDERSTORM WIND
THUNDERSTORM WINDS AND,THUNDERSTORM WIND
THUNDERSTORM WINDS FUNNEL CLOU,THUNDERSTORM WIND
THUNDERSTORM WINDS G,THUNDERSTORM WIND
THUNDERSTORM WINDS G60,THUNDERSTORM WIND
THUNDERSTORM WINDS HAIL,THUNDERSTORM WIND
THUNDERSTORM WINDS HEAVY RAIN,THUNDERSTORM WIND
THUNDERSTORM WINDS LIGHTNING,THUNDERSTORM WIND
THUNDERSTORM WINDS SMALL STREA,THUNDERSTORM WIND
THUNDERSTORM WINDS URBAN FLOOD,THUNDERSTORM WIND
THUNDERSTORM WINDS.,THUNDERSTORM WIND
THUNDERSTORM WINDS/ FLOOD,THUNDERSTORM WIND
THUNDERSTORM WINDS/ HAIL,THUNDERSTORM WIND
THUNDERSTORM WINDS/FLASH FLOOD,THUNDERSTORM WIND
THUNDERSTORM WINDS/FLOODING,THUNDERSTORM WIND
THUNDERSTORM WINDS/FUNNEL CLOU,THUNDERSTORM WIND
THUNDERSTORM WINDS/HAIL,THUNDERSTORM WIND
THUNDERSTORM WINDS/HEAVY RAIN,THUNDERSTORM WIND
THUNDERSTORM WINDS53,THUNDERSTORM WIND
THUNDERSTORM WINDSHAIL,THUNDERSTORM WIND
THUNDERSTORM WINDSS,THUNDERSTORM WIND
THUNDERSTORM WINS,THUNDERSTORM WIND
THUNDERSTORMS,THUNDERSTORM WIND
THUNDERSTORMS WIND,THUNDERSTORM WIND
THUNDERSTORMS WINDS,THUNDERSTORM WIND
THUNDERSTORMW,THUNDERSTORM WIND
THUNDERSTORMW 50,THUNDERSTORM WIND
THUNDERSTORMW WINDS,THUNDERSTORM WIND
THUNDERSTORMWINDS,THUNDERSTORM WIND
THUNDERSTROM WIND,THUNDERSTORM WIND
THUNDERSTROM WINDS,THUNDERSTORM WIND
THUNDERTORM WINDS,THUNDERSTORM WIND
THUNDERTSORM WIND,THUNDERSTORM WIND
THUNDESTORM WINDS,THUNDERSTORM WIND
THUNERSTORM WINDS,THUNDERSTORM WIND
TIDAL FLOOD,STORM SURGE/TIDE
TIDAL FLOODING,STORM SURGE/TIDE
TORNADO,TORNADO
TORNADO DEBRIS,TORNADO
TORNADO F0,TORNADO
TORNADO F1,TORNADO
TORNADO F2,TORNADO
TORNADO F3,TORNADO
TORNADO/WATERSPOUT,TORNADO
TORNADOES,TORNADO
"TORNADOES, TSTM WIND, HAIL",TORNADO
TORNADOS,TORNADO
TORNDAO,TORNADO
TORRENTIAL RAIN,TORNADO
TORRENTIAL RAINFALL,TORNADO
TROPICAL DEPRESSION,TROPICAL DEPRESSION
TROPICAL STORM,TROPICAL STORM
TROPICAL STORM ALBERTO,TROPICAL STORM
TROPICAL STORM DEAN,TROPICAL STORM
TROPICAL STORM GORDON,TROPICAL STORM
TROPICAL STORM JERRY,TROPICAL STORM
TSTM,THUNDERSTORM WIND
TSTM HEAVY RAIN,THUNDERSTORM WIND
TSTM WIND,THUNDERSTORM WIND
TSTM WIND  (G45),THUNDERSTORM WIND
TSTM WIND (41),THUNDERSTORM WIND
TSTM WIND (G35),THUNDERSTORM WIND
TSTM WIND (G40),THUNDERSTORM WIND
TSTM WIND (G45),THUNDERSTORM WIND
TSTM WIND 40,THUNDERSTORM WIND
TSTM WIND 45,THUNDERSTORM WIND
TSTM WIND 50,THUNDERSTORM WIND
TSTM WIND 51,THUNDERSTORM WIND
TSTM WIND 52,THUNDERSTORM WIND
TSTM WIND 55,THUNDERSTORM WIND
TSTM WIND 65),THUNDERSTORM WIND
TSTM WIND AND LIGHTNING,LIGHTNING
TSTM WIND DAMAGE,THUNDERSTORM WIND
TSTM WIND G45,THUNDERSTORM WIND
TSTM WIND G58,THUNDERSTORM WIND
TSTM WIND/HAIL,THUNDERSTORM WIND
TSTM WINDS,THUNDERSTORM WIND
TSTM WND,THUNDERSTORM WIND
TSTMW,THUNDERSTORM WIND
TSUNAMI,TSUNAMI
TUNDERSTORM WIND,THUNDERSTORM WIND
TYPHOON,HURRICANE (TYPHOON)
UNSEASONABLE COLD,COLD/WIND CHILL
UNSEASONABLY COLD,COLD/WIND CHILL
UNSEASONABLY COOL,COLD/WIND CHILL
UNSEASONABLY COOL & WET,COLD/WIND CHILL
UNSEASONABLY DRY,DROUGHT
UNSEASONABLY HOT,HEAT
UNSEASONABLY WARM,HEAT
UNSEASONABLY WARM & WET,HEAT
UNSEASONABLY WARM AND DRY,HEAT
UNSEASONABLY WARM YEAR,HEAT
UNSEASONABLY WARM/WET,HEAT
UNSEASONABLY WET,TSUNAMI
UNSEASONAL LOW TEMP,COLD/WIND CHILL
UNSEASONAL RAIN,TSUNAMI
UNUSUAL WARMTH,TSUNAMI
UNUSUAL/RECORD WARMTH,TSUNAMI
UNUSUALLY COLD,COLD/WIND CHILL
UNUSUALLY LATE SNOW,WINTER WEATHER
UNUSUALLY WARM,TSUNAMI
URBAN AND SMALL,FLOOD
URBAN AND SMALL STREAM,FLOOD
URBAN AND SMALL STREAM FLOOD,FLOOD
URBAN AND SMALL STREAM FLOODIN,FLOOD
URBAN FLOOD,FLOOD
URBAN FLOOD LANDSLIDE,FLOOD
URBAN FLOODING,FLOOD
URBAN FLOODS,FLOOD
URBAN SMALL,FLOOD
URBAN SMALL STREAM FLOOD,FLOOD
URBAN/SMALL,FLOOD
URBAN/SMALL FLOODING,FLOOD
URBAN/SMALL STREAM,FLOOD
URBAN/SMALL STREAM  FLOOD,FLOOD
URBAN/SMALL STREAM FLOOD,FLOOD
URBAN/SMALL STREAM FLOODING,FLOOD
URBAN/SMALL STRM FLDG,FLOOD
URBAN/SML STREAM FLD,FLOOD
URBAN/SML STREAM FLDG,FLOOD
URBAN/STREET FLOODING,FLOOD
VERY DRY,DROUGHT
VERY WARM,HEAT
VOG,OTHER
VOLCANIC ASH,VOLCANIC ASH
VOLCANIC ASH PLUME,VOLCANIC ASH
VOLCANIC ASHFALL,VOLCANIC ASH
VOLCANIC ERUPTION,VOLCANIC ASH
WAKE LOW WIND,OTHER
WALL CLOUD,FUNNEL CLOUD
WALL CLOUD/FUNNEL CLOUD,FUNNEL CLOUD
WARM DRY CONDITIONS,VOLCANIC ASH
WARM WEATHER,HEAT
WATER SPOUT,WATERSPOUT
WATERSPOUT,WATERSPOUT
WATERSPOUT-,WATERSPOUT
WATERSPOUT FUNNEL CLOUD,WATERSPOUT
WATERSPOUT TORNADO,WATERSPOUT
WATERSPOUT/,WATERSPOUT
WATERSPOUT/ TORNADO,WATERSPOUT
WATERSPOUT/TORNADO,WATERSPOUT
WATERSPOUTS,WATERSPOUT
WATERSPOUT-TORNADO,WATERSPOUT
WAYTERSPOUT,WATERSPOUT
WET MICOBURST,WATERSPOUT
WET MICROBURST,WATERSPOUT
WET MONTH,HEAVY RAIN
WET SNOW,WINTER WEATHER
WET WEATHER,HEAVY RAIN
WET YEAR,HEAVY RAIN
WHIRLWIND,TORNADO
WILD FIRES,WILDFIRE
WILD/FOREST FIRE,WILDFIRE
WILD/FOREST FIRES,WILDFIRE
WILDFIRE,WILDFIRE
WILDFIRES,WILDFIRE
WIND,HIGH WIND
WIND ADVISORY,HIGH WIND
WIND AND WAVE,STORM SURGE/TIDE
WIND CHILL,COLD/WIND CHILL
WIND CHILL/HIGH WIND,COLD/WIND CHILL
WIND DAMAGE,HIGH WIND
WIND GUSTS,HIGH WIND
WIND STORM,HIGH WIND
WIND/HAIL,HAIL
WINDS,HIGH WIND
WINTER MIX,WINTER WEATHER
WINTER STORM,WINTER STORM
WINTER STORM HIGH WINDS,WINTER STORM
WINTER STORM/HIGH WIND,WINTER STORM
WINTER STORM/HIGH WINDS,WINTER STORM
WINTER STORMS,WINTER STORM
WINTER WEATHER,WINTER WEATHER
WINTER WEATHER MIX,WINTER WEATHER
WINTER WEATHER/MIX,WINTER WEATHER
WINTERY MIX,WINTER WEATHER
WINTRY MIX,WINTER WEATHER
WND,HIGH WIND
